Chan Hau Jie, haujiechan@gmail.com, 123456, 123456
Arya, arya@gmail.com, 123456, 123456
Dany, dany@gmail.com, 123456, 123456
Jon Snow, jon@gmail.com, 123456, 123456
Sansa, sansa@gmail.com, 123456, 123456
Jamie, jamie@gmail.com, 123456, 123456
Cersie, cersie@gmail.com, 123456, 123456
Bran, bran@gmail.com, 123456, 123456
Samwell, samwell@gmail.com, 123456, 123456
Drogo, drogo@gmail.com, 123456, 123456
Stark, drogo@gmail.com, 123456, 123456
Targaryen, targaryen@gmail.com, 123456, 123456
Lannister, lannister@gmail.com, 123456, 123456
Missandei, missander@gmail.com, 123456, 123456
Noob, noob@gmail.com, 123456, 123456
